path,label
dataset\klepon\01_klepon.jpg,0
dataset\klepon\02_klepon.jpg,0
dataset\klepon\03_klepon.jpg,0
dataset\klepon\04_klepon.jpg,0
dataset\klepon\05_klepon.jpg,0
dataset\klepon\06_klepon.jpg,0
dataset\klepon\07_klepon.jpg,0
dataset\klepon\08_klepon.jpg,0
dataset\klepon\09_klepon.jpg,0
dataset\klepon\100_klepon.jpg,0
dataset\klepon\101_klepon.jpg,0
dataset\klepon\102_klepon.jpg,0
dataset\klepon\103_klepon.jpg,0
dataset\klepon\104_klepon.jpg,0
dataset\klepon\105_klepon.jpg,0
dataset\klepon\106_klepon.jpg,0
dataset\klepon\107_klepon.jpg,0
dataset\klepon\108_klepon.jpg,0
dataset\klepon\109_klepon.jpeg,0
dataset\klepon\10_klepon.jpg,0
dataset\klepon\110_klepon.jpg,0
dataset\klepon\111_klepon.jpg,0
dataset\klepon\112_klepon.png,0
dataset\klepon\113_klepon.png,0
dataset\klepon\114_klepon.png,0
dataset\klepon\115_klepon.png,0
dataset\klepon\116_klepon.png,0
dataset\klepon\117_klepon.png,0
dataset\klepon\118_klepon.png,0
dataset\klepon\119_klepon.png,0
dataset\klepon\11_klepon.png,0
dataset\klepon\120_klepon.png,0
dataset\klepon\121_klepon.png,0
dataset\klepon\122_klepon.png,0
dataset\klepon\123_klepon.png,0
dataset\klepon\124_klepon.png,0
dataset\klepon\125_klepon.png,0
dataset\klepon\126_klepon.png,0
dataset\klepon\127_klepon.png,0
dataset\klepon\128_klepon.png,0
dataset\klepon\129_klepon.png,0
dataset\klepon\12_klepon.jpg,0
dataset\klepon\130_klepon.png,0
dataset\klepon\131_klepon.png,0
dataset\klepon\132_klepon.png,0
dataset\klepon\133_klepon.png,0
dataset\klepon\134_klepon.png,0
dataset\klepon\135_klepon.png,0
dataset\klepon\136_klepon.png,0
dataset\klepon\137_klepon.png,0
dataset\klepon\138_klepon.png,0
dataset\klepon\139_klepon.png,0
dataset\klepon\13_klepon.jpg,0
dataset\klepon\140_klepon.png,0
dataset\klepon\141_klepon.png,0
dataset\klepon\142_klepon.png,0
dataset\klepon\143_klepon.png,0
dataset\klepon\144_klepon.png,0
dataset\klepon\145_klepon.png,0
dataset\klepon\146_klepon.png,0
dataset\klepon\147_klepon.png,0
dataset\klepon\148_klepon.png,0
dataset\klepon\149_klepon.png,0
dataset\klepon\14_klepon.jpg,0
dataset\klepon\150_klepon.png,0
dataset\klepon\151_klepon.png,0
dataset\klepon\152_klepon.png,0
dataset\klepon\153_klepon.png,0
dataset\klepon\154_klepon.png,0
dataset\klepon\155_klepon.png,0
dataset\klepon\156_klepon.png,0
dataset\klepon\157_klepon.png,0
dataset\klepon\158_klepon.png,0
dataset\klepon\159_klepon.png,0
dataset\klepon\15_klepon.jpg,0
dataset\klepon\160_klepon.png,0
dataset\klepon\161_klepon.png,0
dataset\klepon\162_klepon.png,0
dataset\klepon\163_klepon.png,0
dataset\klepon\164_klepon.png,0
dataset\klepon\165_klepon.png,0
dataset\klepon\166_klepon.png,0
dataset\klepon\167_klepon.png,0
dataset\klepon\168_klepon.png,0
dataset\klepon\169_klepon.png,0
dataset\klepon\16_klepon.jpg,0
dataset\klepon\170_klepon.png,0
dataset\klepon\171_klepon.png,0
dataset\klepon\172_klepon.png,0
dataset\klepon\173_klepon.png,0
dataset\klepon\174_klepon.png,0
dataset\klepon\175_klepon.png,0
dataset\klepon\176_klepon.png,0
dataset\klepon\177_klepon.png,0
dataset\klepon\178_klepon.png,0
dataset\klepon\179_klepon.png,0
dataset\klepon\17_klepon.jpg,0
dataset\klepon\180_klepon.png,0
dataset\klepon\181_klepon.png,0
dataset\klepon\182_klepon.png,0
dataset\klepon\183_klepon.png,0
dataset\klepon\184_klepon.png,0
dataset\klepon\185_klepon.png,0
dataset\klepon\186_klepon.png,0
dataset\klepon\187_klepon.png,0
dataset\klepon\188_klepon.png,0
dataset\klepon\189_klepon.png,0
dataset\klepon\18_klepon.jpg,0
dataset\klepon\190_klepon.png,0
dataset\klepon\191_klepon.png,0
dataset\klepon\192_klepon.png,0
dataset\klepon\193_klepon.png,0
dataset\klepon\194_klepon.png,0
dataset\klepon\195_klepon.png,0
dataset\klepon\196_klepon.png,0
dataset\klepon\197_klepon.png,0
dataset\klepon\198_klepon.png,0
dataset\klepon\199_klepon.png,0
dataset\klepon\19_klepon.jpg,0
dataset\klepon\200_klepon.png,0
dataset\klepon\201_klepon.png,0
dataset\klepon\202_klepon.png,0
dataset\klepon\203_klepon.png,0
dataset\klepon\204_klepon.png,0
dataset\klepon\205_klepon.png,0
dataset\klepon\206_klepon.png,0
dataset\klepon\207_klepon.png,0
dataset\klepon\208_klepon.png,0
dataset\klepon\209_klepon.png,0
dataset\klepon\20_klepon.jpg,0
dataset\klepon\210_klepon.png,0
dataset\klepon\211_klepon.png,0
dataset\klepon\212_klepon.png,0
dataset\klepon\213_klepon.png,0
dataset\klepon\214_klepon.png,0
dataset\klepon\215_klepon.png,0
dataset\klepon\216_klepon.png,0
dataset\klepon\217_klepon.png,0
dataset\klepon\218_klepon.png,0
dataset\klepon\219_klepon.png,0
dataset\klepon\21_klepon.jpg,0
dataset\klepon\220_klepon.png,0
dataset\klepon\221_klepon.png,0
dataset\klepon\222_klepon.png,0
dataset\klepon\223_klepon.png,0
dataset\klepon\224_klepon.png,0
dataset\klepon\225_klepon.png,0
dataset\klepon\226_klepon.png,0
dataset\klepon\227_klepon.png,0
dataset\klepon\228_klepon.png,0
dataset\klepon\229_klepon.png,0
dataset\klepon\22_klepon.jpg,0
dataset\klepon\230_klepon.png,0
dataset\klepon\231_klepon.png,0
dataset\klepon\232_klepon.png,0
dataset\klepon\233_klepon.png,0
dataset\klepon\234_klepon.png,0
dataset\klepon\235_klepon.png,0
dataset\klepon\236_klepon.png,0
dataset\klepon\237_klepon.png,0
dataset\klepon\238_klepon.png,0
dataset\klepon\239_klepon.png,0
dataset\klepon\23_klepon.jpg,0
dataset\klepon\240_klepon.png,0
dataset\klepon\241_klepon.png,0
dataset\klepon\242_klepon.png,0
dataset\klepon\243_klepon.png,0
dataset\klepon\244_klepon.png,0
dataset\klepon\245_klepon.png,0
dataset\klepon\246_klepon.png,0
dataset\klepon\247_klepon.png,0
dataset\klepon\248_klepon.png,0
dataset\klepon\249_klepon.png,0
dataset\klepon\24_klepon.jpg,0
dataset\klepon\250_klepon.png,0
dataset\klepon\251_klepon.png,0
dataset\klepon\252_klepon.png,0
dataset\klepon\253_klepon.png,0
dataset\klepon\254_klepon.png,0
dataset\klepon\255_klepon.png,0
dataset\klepon\256_klepon.png,0
dataset\klepon\257_klepon.png,0
dataset\klepon\258_klepon.png,0
dataset\klepon\259_klepon.png,0
dataset\klepon\25_klepon.jpg,0
dataset\klepon\260_klepon.png,0
dataset\klepon\261_klepon.png,0
dataset\klepon\262_klepon.png,0
dataset\klepon\263_klepon.png,0
dataset\klepon\264_klepon.png,0
dataset\klepon\265_klepon.png,0
dataset\klepon\266_klepon.png,0
dataset\klepon\267_klepon.png,0
dataset\klepon\268_klepon.png,0
dataset\klepon\269_klepon.png,0
dataset\klepon\26_klepon.png,0
dataset\klepon\270_klepon.png,0
dataset\klepon\271_klepon.png,0
dataset\klepon\272_klepon.png,0
dataset\klepon\273_klepon.png,0
dataset\klepon\274_klepon.png,0
dataset\klepon\275_klepon.png,0
dataset\klepon\276_klepon.png,0
dataset\klepon\277_klepon.png,0
dataset\klepon\278_klepon.png,0
dataset\klepon\279_klepon.png,0
dataset\klepon\27_klepon.jpg,0
dataset\klepon\280_klepon.png,0
dataset\klepon\281_klepon.png,0
dataset\klepon\282_klepon.png,0
dataset\klepon\283_klepon.png,0
dataset\klepon\284_klepon.png,0
dataset\klepon\285_klepon.png,0
dataset\klepon\286_klepon.png,0
dataset\klepon\287_klepon.png,0
dataset\klepon\288_klepon.png,0
dataset\klepon\289_klepon.png,0
dataset\klepon\28_klepon.jpeg,0
dataset\klepon\290_klepon.png,0
dataset\klepon\291_klepon.png,0
dataset\klepon\292_klepon.png,0
dataset\klepon\293_klepon.png,0
dataset\klepon\294_klepon.png,0
dataset\klepon\295_klepon.png,0
dataset\klepon\296_klepon.png,0
dataset\klepon\297_klepon.png,0
dataset\klepon\298_klepon.png,0
dataset\klepon\299_klepon.png,0
dataset\klepon\29_klepon.jpg,0
dataset\klepon\300_klepon.png,0
dataset\klepon\301_klepon.png,0
dataset\klepon\302_klepon.png,0
dataset\klepon\303_klepon.png,0
dataset\klepon\304_klepon.png,0
dataset\klepon\305_klepon.png,0
dataset\klepon\306_klepon.png,0
dataset\klepon\307_klepon.png,0
dataset\klepon\308_klepon.png,0
dataset\klepon\309_klepon.png,0
dataset\klepon\30_klepon.jpg,0
dataset\klepon\310_klepon.png,0
dataset\klepon\311_klepon.png,0
dataset\klepon\312_klepon.png,0
dataset\klepon\313_klepon.png,0
dataset\klepon\314_klepon.png,0
dataset\klepon\315_klepon.png,0
dataset\klepon\316_klepon.png,0
dataset\klepon\317_klepon.png,0
dataset\klepon\318_klepon.png,0
dataset\klepon\319_klepon.png,0
dataset\klepon\31_klepon.jpg,0
dataset\klepon\320_klepon.png,0
dataset\klepon\321_klepon.png,0
dataset\klepon\322_klepon.png,0
dataset\klepon\323_klepon.png,0
dataset\klepon\324_klepon.png,0
dataset\klepon\325_klepon.png,0
dataset\klepon\326_klepon.png,0
dataset\klepon\327_klepon.png,0
dataset\klepon\328_klepon.png,0
dataset\klepon\329_klepon.png,0
dataset\klepon\32_klepon.jpg,0
dataset\klepon\330_klepon.png,0
dataset\klepon\331_klepon.png,0
dataset\klepon\332_klepon.png,0
dataset\klepon\333_klepon.png,0
dataset\klepon\334_klepon.png,0
dataset\klepon\335_klepon.png,0
dataset\klepon\336_klepon.png,0
dataset\klepon\337_klepon.png,0
dataset\klepon\338_klepon.png,0
dataset\klepon\339_klepon.png,0
dataset\klepon\33_klepon.jpg,0
dataset\klepon\340_klepon.png,0
dataset\klepon\341_klepon.png,0
dataset\klepon\342_klepon.png,0
dataset\klepon\343_klepon.png,0
dataset\klepon\344_klepon.png,0
dataset\klepon\345_klepon.png,0
dataset\klepon\346_klepon.png,0
dataset\klepon\347_klepon.png,0
dataset\klepon\348_klepon.png,0
dataset\klepon\349_klepon.png,0
dataset\klepon\34_klepon.jpg,0
dataset\klepon\350_klepon.png,0
dataset\klepon\351_klepon.png,0
dataset\klepon\352_klepon.png,0
dataset\klepon\353_klepon.png,0
dataset\klepon\354_klepon.png,0
dataset\klepon\355_klepon.png,0
dataset\klepon\356_klepon.png,0
dataset\klepon\357_klepon.png,0
dataset\klepon\358_klepon.png,0
dataset\klepon\359_klepon.png,0
dataset\klepon\35_klepon.jpg,0
dataset\klepon\360_klepon.png,0
dataset\klepon\361_klepon.png,0
dataset\klepon\362_klepon.png,0
dataset\klepon\363_klepon.png,0
dataset\klepon\364_klepon.png,0
dataset\klepon\365_klepon.png,0
dataset\klepon\366_klepon.png,0
dataset\klepon\367_klepon.jpg,0
dataset\klepon\368_klepon.jpg,0
dataset\klepon\369_klepon.jpg,0
dataset\klepon\36_klepon.jpg,0
dataset\klepon\370_klepon.jpg,0
dataset\klepon\371_klepon.jpg,0
dataset\klepon\372_klepon.jpg,0
dataset\klepon\373_klepon.jpg,0
dataset\klepon\374_klepon.jpg,0
dataset\klepon\375_klepon.jpg,0
dataset\klepon\376_klepon.jpg,0
dataset\klepon\377_klepon.jpg,0
dataset\klepon\378_klepon.jpg,0
dataset\klepon\379_klepon.jpg,0
dataset\klepon\37_klepon.jpg,0
dataset\klepon\380_klepon.jpg,0
dataset\klepon\381_klepon.jpg,0
dataset\klepon\382_klepon.jpg,0
dataset\klepon\383_klepon.jpg,0
dataset\klepon\384_klepon.jpg,0
dataset\klepon\385_klepon.jpg,0
dataset\klepon\386_klepon.jpg,0
dataset\klepon\387_klepon.jpg,0
dataset\klepon\388_klepon.jpg,0
dataset\klepon\389_klepon.jpg,0
dataset\klepon\38_klepon.jpg,0
dataset\klepon\390_klepon.jpg,0
dataset\klepon\391_klepon.jpg,0
dataset\klepon\392_klepon.jpg,0
dataset\klepon\393_klepon.jpg,0
dataset\klepon\394_klepon.jpg,0
dataset\klepon\395_klepon.jpg,0
dataset\klepon\396_klepon.jpg,0
dataset\klepon\397_klepon.jpg,0
dataset\klepon\398_klepon.jpg,0
dataset\klepon\399_klepon.jpg,0
dataset\klepon\39_klepon.jpg,0
dataset\klepon\400_klepon.jpg,0
dataset\klepon\401_klepon.jpg,0
dataset\klepon\402_klepon.jpg,0
dataset\klepon\403_klepon.jpg,0
dataset\klepon\404_klepon.jpg,0
dataset\klepon\405_klepon.jpg,0
dataset\klepon\406_klepon.jpg,0
dataset\klepon\407_klepon.jpg,0
dataset\klepon\408_klepon.jpg,0
dataset\klepon\409_klepon.jpg,0
dataset\klepon\40_klepon.jpg,0
dataset\klepon\410_klepon.jpg,0
dataset\klepon\411_klepon.jpg,0
dataset\klepon\412_klepon.jpg,0
dataset\klepon\413_klepon.jpg,0
dataset\klepon\414_klepon.jpg,0
dataset\klepon\415_klepon.jpg,0
dataset\klepon\416_klepon.jpg,0
dataset\klepon\417_klepon.jpg,0
dataset\klepon\418_klepon.jpg,0
dataset\klepon\419_klepon.jpg,0
dataset\klepon\41_klepon.jpg,0
dataset\klepon\420_klepon.jpg,0
dataset\klepon\421_klepon.jpg,0
dataset\klepon\422_klepon.jpg,0
dataset\klepon\423_klepon.jpg,0
dataset\klepon\424_klepon.jpg,0
dataset\klepon\425_klepon.jpg,0
dataset\klepon\426_klepon.jpg,0
dataset\klepon\427_klepon.jpg,0
dataset\klepon\428_klepon.jpg,0
dataset\klepon\429_klepon.jpg,0
dataset\klepon\42_klepon.jpg,0
dataset\klepon\430_klepon.jpg,0
dataset\klepon\431_klepon.jpg,0
dataset\klepon\432_klepon.jpg,0
dataset\klepon\433_klepon.jpg,0
dataset\klepon\434_klepon.jpg,0
dataset\klepon\435_klepon.jpg,0
dataset\klepon\436_klepon.jpg,0
dataset\klepon\437_klepon.jpg,0
dataset\klepon\438_klepon.jpg,0
dataset\klepon\439_klepon.jpg,0
dataset\klepon\43_klepon.jpg,0
dataset\klepon\440_klepon.jpg,0
dataset\klepon\441_klepon.jpg,0
dataset\klepon\442_klepon.jpg,0
dataset\klepon\443_klepon.jpg,0
dataset\klepon\444_klepon.jpg,0
dataset\klepon\445_klepon.jpg,0
dataset\klepon\446_klepon.jpg,0
dataset\klepon\447_klepon.jpg,0
dataset\klepon\448_klepon.jpg,0
dataset\klepon\449_klepon.jpg,0
dataset\klepon\44_klepon.jpg,0
dataset\klepon\450_klepon.jpg,0
dataset\klepon\451_klepon.jpg,0
dataset\klepon\452_klepon.jpg,0
dataset\klepon\453_klepon.jpg,0
dataset\klepon\454_klepon.jpg,0
dataset\klepon\455_klepon.jpg,0
dataset\klepon\456_klepon.jpg,0
dataset\klepon\457_klepon.jpg,0
dataset\klepon\458_klepon.jpg,0
dataset\klepon\459_klepon.jpg,0
dataset\klepon\45_klepon.jpg,0
dataset\klepon\460_klepon.jpg,0
dataset\klepon\461_klepon.jpg,0
dataset\klepon\462_klepon.jpg,0
dataset\klepon\463_klepon.jpg,0
dataset\klepon\464_klepon.jpg,0
dataset\klepon\465_klepon.jpg,0
dataset\klepon\466_klepon.jpg,0
dataset\klepon\467_klepon.jpg,0
dataset\klepon\468_klepon.jpg,0
dataset\klepon\469_klepon.jpg,0
dataset\klepon\46_klepon.jpg,0
dataset\klepon\470_klepon.jpg,0
dataset\klepon\471_klepon.jpg,0
dataset\klepon\472_klepon.jpg,0
dataset\klepon\473_klepon.jpg,0
dataset\klepon\474_klepon.jpg,0
dataset\klepon\475_klepon.jpg,0
dataset\klepon\476_klepon.jpg,0
dataset\klepon\477_klepon.jpg,0
dataset\klepon\478_klepon.jpg,0
dataset\klepon\479_klepon.jpg,0
dataset\klepon\47_klepon.jpg,0
dataset\klepon\480_klepon.jpg,0
dataset\klepon\481_klepon.jpg,0
dataset\klepon\482_klepon.jpg,0
dataset\klepon\483_klepon.jpg,0
dataset\klepon\484_klepon.jpg,0
dataset\klepon\485_klepon.jpg,0
dataset\klepon\486_klepon.jpg,0
dataset\klepon\487_klepon.jpg,0
dataset\klepon\488_klepon.jpg,0
dataset\klepon\489_klepon.jpg,0
dataset\klepon\48_klepon.jpg,0
dataset\klepon\490_klepon.jpg,0
dataset\klepon\491_klepon.jpg,0
dataset\klepon\492_klepon.jpg,0
dataset\klepon\493_klepon.jpg,0
dataset\klepon\494_klepon.jpg,0
dataset\klepon\495_klepon.jpg,0
dataset\klepon\496_klepon.jpg,0
dataset\klepon\497_klepon.jpg,0
dataset\klepon\498_klepon.jpg,0
dataset\klepon\499_klepon.jpg,0
dataset\klepon\49_klepon.jpg,0
dataset\klepon\500_klepon.jpg,0
dataset\klepon\50_klepon.jpg,0
dataset\klepon\51_klepon.jpg,0
dataset\klepon\52_klepon.jpg,0
dataset\klepon\53_klepon.jpg,0
dataset\klepon\54_klepon.jpg,0
dataset\klepon\55_klepon.JPG,0
dataset\klepon\56_klepon.jpg,0
dataset\klepon\57_klepon.jpg,0
dataset\klepon\58_klepon.jpg,0
dataset\klepon\59_klepon.jpg,0
dataset\klepon\60_klepon.jpg,0
dataset\klepon\61_klepon.jpg,0
dataset\klepon\62_klepon.jpg,0
dataset\klepon\63_klepon.jpg,0
dataset\klepon\64_klepon.jpg,0
dataset\klepon\65_klepon.jpg,0
dataset\klepon\66_klepon.jpg,0
dataset\klepon\67_klepon.jpg,0
dataset\klepon\68_klepon.jpg,0
dataset\klepon\69_klepon.jpg,0
dataset\klepon\70_klepon.jpg,0
dataset\klepon\71_klepon.jpg,0
dataset\klepon\72_klepon.jpg,0
dataset\klepon\73_klepon.jpg,0
dataset\klepon\74_klepon.jpg,0
dataset\klepon\75_klepon.jpg,0
dataset\klepon\76_klepon.png,0
dataset\klepon\77_klepon.JPG,0
dataset\klepon\78_klepon.jpg,0
dataset\klepon\79_klepon.jpg,0
dataset\klepon\80_klepon.jpg,0
dataset\klepon\81_klepon.jpg,0
dataset\klepon\82_klepon.jpg,0
dataset\klepon\83_klepon.jpg,0
dataset\klepon\84_klepon.jpg,0
dataset\klepon\85_klepon.jpg,0
dataset\klepon\86_klepon.jpg,0
dataset\klepon\87_klepon.jpg,0
dataset\klepon\88_klepon.jpg,0
dataset\klepon\89_klepon.jpg,0
dataset\klepon\90_klepon.jpg,0
dataset\klepon\91_klepon.jpg,0
dataset\klepon\92_klepon.jpg,0
dataset\klepon\93_klepon.jpg,0
dataset\klepon\94_klepon.jpg,0
dataset\klepon\95_klepon.jpg,0
dataset\klepon\96_klepon.jpg,0
dataset\klepon\97_klepon.jpg,0
dataset\klepon\98_klepon.jpg,0
dataset\klepon\99_klepon.jpg,0
dataset\Putu\01_putu.png,1
dataset\Putu\02_putu.png,1
dataset\Putu\03_putu.png,1
dataset\Putu\04_putu.png,1
dataset\Putu\05_putu.png,1
dataset\Putu\06_putu.png,1
dataset\Putu\07_putu.png,1
dataset\Putu\08_putu.png,1
dataset\Putu\09_putu.png,1
dataset\Putu\100_putu.png,1
dataset\Putu\101_putu.png,1
dataset\Putu\102_putu.png,1
dataset\Putu\103_putu.png,1
dataset\Putu\104_putu.png,1
dataset\Putu\105_putu.png,1
dataset\Putu\106_putu.png,1
dataset\Putu\107_putu.png,1
dataset\Putu\108_putu.png,1
dataset\Putu\109_putu.png,1
dataset\Putu\10_putu.png,1
dataset\Putu\110_putu.png,1
dataset\Putu\111_putu.png,1
dataset\Putu\112_putu.png,1
dataset\Putu\113_putu.png,1
dataset\Putu\114_putu.png,1
dataset\Putu\115_putu.png,1
dataset\Putu\116_putu.png,1
dataset\Putu\117_putu.png,1
dataset\Putu\118_putu.png,1
dataset\Putu\119_putu.png,1
dataset\Putu\11_putu.png,1
dataset\Putu\120_putu.png,1
dataset\Putu\121_putu.png,1
dataset\Putu\122_putu.png,1
dataset\Putu\123_putu.png,1
dataset\Putu\124_putu.png,1
dataset\Putu\125_putu.png,1
dataset\Putu\126_putu.png,1
dataset\Putu\127_putu.png,1
dataset\Putu\128_putu.png,1
dataset\Putu\129_putu.png,1
dataset\Putu\12_putu.png,1
dataset\Putu\130_putu.png,1
dataset\Putu\131_putu.png,1
dataset\Putu\132_putu.png,1
dataset\Putu\133_putu.png,1
dataset\Putu\134_putu.png,1
dataset\Putu\135_putu.png,1
dataset\Putu\136_putu.jpg,1
dataset\Putu\137_putu.jpg,1
dataset\Putu\138_putu.jpg,1
dataset\Putu\139_putu.jpg,1
dataset\Putu\13_putu.png,1
dataset\Putu\140_putu.jpg,1
dataset\Putu\141_putu.jpg,1
dataset\Putu\142_putu.jpg,1
dataset\Putu\143_putu.jpg,1
dataset\Putu\144_putu.jpg,1
dataset\Putu\145_putu.jpg,1
dataset\Putu\146_putu.jpg,1
dataset\Putu\147_putu.jpg,1
dataset\Putu\148_putu.jpg,1
dataset\Putu\149_putu.jpg,1
dataset\Putu\14_putu.png,1
dataset\Putu\150_putu.jpg,1
dataset\Putu\151_putu.jpg,1
dataset\Putu\152_putu.jpg,1
dataset\Putu\153_putu.jpg,1
dataset\Putu\154_putu.jpg,1
dataset\Putu\155_putu.jpg,1
dataset\Putu\156_putu.jpg,1
dataset\Putu\157_putu.jpg,1
dataset\Putu\158_putu.jpg,1
dataset\Putu\159_putu.jpg,1
dataset\Putu\15_putu.png,1
dataset\Putu\160_putu.jpg,1
dataset\Putu\161_putu.jpg,1
dataset\Putu\162_putu.jpg,1
dataset\Putu\163_putu.jpg,1
dataset\Putu\164_putu.jpg,1
dataset\Putu\165_putu.jpg,1
dataset\Putu\166_putu.jpg,1
dataset\Putu\167_putu.jpg,1
dataset\Putu\168_putu.jpg,1
dataset\Putu\169_putu.jpg,1
dataset\Putu\16_putu.png,1
dataset\Putu\170_putu.jpg,1
dataset\Putu\171_putu.jpg,1
dataset\Putu\172_putu.jpg,1
dataset\Putu\173_putu.jpg,1
dataset\Putu\174_putu.jpg,1
dataset\Putu\175_putu.jpg,1
dataset\Putu\176_putu.jpg,1
dataset\Putu\177_putu.jpg,1
dataset\Putu\178_putu.jpg,1
dataset\Putu\179_putu.jpg,1
dataset\Putu\17_putu.png,1
dataset\Putu\180_putu.jpg,1
dataset\Putu\181_putu.jpg,1
dataset\Putu\182_putu.jpg,1
dataset\Putu\183_putu.jpg,1
dataset\Putu\184_putu.jpg,1
dataset\Putu\185_putu.jpg,1
dataset\Putu\186_putu.jpg,1
dataset\Putu\187_putu.jpg,1
dataset\Putu\188_putu.jpg,1
dataset\Putu\189_putu.jpg,1
dataset\Putu\18_putu.png,1
dataset\Putu\190_putu.jpg,1
dataset\Putu\191_putu.jpg,1
dataset\Putu\192_putu.jpg,1
dataset\Putu\193_putu.jpg,1
dataset\Putu\194_putu.jpg,1
dataset\Putu\195_putu.jpg,1
dataset\Putu\196_putu.jpg,1
dataset\Putu\197_putu.jpg,1
dataset\Putu\198_putu.jpg,1
dataset\Putu\199_putu.jpg,1
dataset\Putu\19_putu.png,1
dataset\Putu\200_putu.jpg,1
dataset\Putu\201_putu.jpg,1
dataset\Putu\202_putu.jpg,1
dataset\Putu\203_putu.jpg,1
dataset\Putu\204_putu.jpg,1
dataset\Putu\205_putu.jpg,1
dataset\Putu\206_putu.jpg,1
dataset\Putu\207_putu.jpg,1
dataset\Putu\208_putu.jpg,1
dataset\Putu\209_putu.jpg,1
dataset\Putu\20_putu.png,1
dataset\Putu\210_putu.jpg,1
dataset\Putu\211_putu.jpg,1
dataset\Putu\212_putu.jpg,1
dataset\Putu\213_putu.jpg,1
dataset\Putu\214_putu.jpg,1
dataset\Putu\215_putu.jpg,1
dataset\Putu\216_putu.jpg,1
dataset\Putu\217_putu.jpg,1
dataset\Putu\218_putu.jpg,1
dataset\Putu\219_putu.jpg,1
dataset\Putu\21_putu.png,1
dataset\Putu\220_putu.jpg,1
dataset\Putu\221_putu.jpg,1
dataset\Putu\222_putu.jpg,1
dataset\Putu\223_putu.jpg,1
dataset\Putu\224_putu.jpg,1
dataset\Putu\225_putu.jpg,1
dataset\Putu\226_putu.jpg,1
dataset\Putu\227_putu.jpg,1
dataset\Putu\228_putu.jpg,1
dataset\Putu\229_putu.jpg,1
dataset\Putu\22_putu.png,1
dataset\Putu\230_putu.jpg,1
dataset\Putu\231_putu.jpg,1
dataset\Putu\232_putu.jpg,1
dataset\Putu\233_putu.jpg,1
dataset\Putu\234_putu.jpg,1
dataset\Putu\235_putu.jpg,1
dataset\Putu\236_putu.jpg,1
dataset\Putu\237_putu.jpg,1
dataset\Putu\238_putu.jpg,1
dataset\Putu\239_putu.jpg,1
dataset\Putu\23_putu.png,1
dataset\Putu\240_putu.jpg,1
dataset\Putu\241_putu.jpg,1
dataset\Putu\242_putu.jpg,1
dataset\Putu\243_putu.jpg,1
dataset\Putu\244_putu.jpg,1
dataset\Putu\245_putu.jpg,1
dataset\Putu\246_putu.jpg,1
dataset\Putu\247_putu.jpg,1
dataset\Putu\248_putu.jpg,1
dataset\Putu\249_putu.jpg,1
dataset\Putu\24_putu.png,1
dataset\Putu\250_putu.jpg,1
dataset\Putu\251_putu.jpg,1
dataset\Putu\252_putu.jpg,1
dataset\Putu\253_putu.jpg,1
dataset\Putu\254_putu.jpg,1
dataset\Putu\255_putu.jpg,1
dataset\Putu\256_putu.jpg,1
dataset\Putu\257_putu.jpg,1
dataset\Putu\258_putu.jpg,1
dataset\Putu\259_putu.jpg,1
dataset\Putu\25_putu.png,1
dataset\Putu\260_putu.jpg,1
dataset\Putu\261_putu.jpg,1
dataset\Putu\262_putu.jpg,1
dataset\Putu\263_putu.jpg,1
dataset\Putu\264_putu.jpg,1
dataset\Putu\265_putu.jpg,1
dataset\Putu\266_putu.jpg,1
dataset\Putu\267_putu.jpg,1
dataset\Putu\268_putu.jpg,1
dataset\Putu\269_putu.jpg,1
dataset\Putu\26_putu.png,1
dataset\Putu\270_putu.jpg,1
dataset\Putu\271_putu.jpg,1
dataset\Putu\272_putu.jpg,1
dataset\Putu\273_putu.jpg,1
dataset\Putu\274_putu.jpg,1
dataset\Putu\275_putu.jpg,1
dataset\Putu\276_putu.jpg,1
dataset\Putu\277_putu.jpg,1
dataset\Putu\278_putu.jpg,1
dataset\Putu\279_putu.png,1
dataset\Putu\27_putu.png,1
dataset\Putu\280_putu.jpg,1
dataset\Putu\281_putu.jpg,1
dataset\Putu\282_putu.jpg,1
dataset\Putu\283_putu.jpg,1
dataset\Putu\284_putu.jpg,1
dataset\Putu\285_putu.jpg,1
dataset\Putu\286_putu.jpg,1
dataset\Putu\287_putu.jpg,1
dataset\Putu\288_putu.jpg,1
dataset\Putu\289_putu.jpg,1
dataset\Putu\28_putu.png,1
dataset\Putu\290_putu.jpg,1
dataset\Putu\291_putu.jpg,1
dataset\Putu\292_putu.jpg,1
dataset\Putu\293_putu.png,1
dataset\Putu\294_putu.jpg,1
dataset\Putu\295_putu.jpg,1
dataset\Putu\296_putu.jpg,1
dataset\Putu\297_putu.jpg,1
dataset\Putu\298_putu.jpg,1
dataset\Putu\299_putu.jpg,1
dataset\Putu\29_putu.png,1
dataset\Putu\300_putu.png,1
dataset\Putu\301_putu.jpeg,1
dataset\Putu\302_putu.jpg,1
dataset\Putu\303_putu.jpg,1
dataset\Putu\304_putu.jpg,1
dataset\Putu\305_putu.jpg,1
dataset\Putu\306_putu.jpg,1
dataset\Putu\307_putu.jpg,1
dataset\Putu\308_putu.jpg,1
dataset\Putu\309_putu.jpg,1
dataset\Putu\30_putu.png,1
dataset\Putu\310_putu.jpg,1
dataset\Putu\311_putu.jpeg,1
dataset\Putu\312_putu.jpg,1
dataset\Putu\313_putu.jpg,1
dataset\Putu\314_putu.jpg,1
dataset\Putu\315_putu.jpg,1
dataset\Putu\316_putu.png,1
dataset\Putu\317_putu.jpg,1
dataset\Putu\318_putu.jpg,1
dataset\Putu\319_putu.jpg,1
dataset\Putu\31_putu.png,1
dataset\Putu\320_putu.JPG,1
dataset\Putu\321_putu.jpg,1
dataset\Putu\322_putu.jpg,1
dataset\Putu\323_putu.jpg,1
dataset\Putu\324_putu.jpg,1
dataset\Putu\325_putu.jpg,1
dataset\Putu\326_putu.jpg,1
dataset\Putu\327_putu.png,1
dataset\Putu\328_putu.jpg,1
dataset\Putu\329_putu.jpg,1
dataset\Putu\32_putu.png,1
dataset\Putu\330_putu.jpg,1
dataset\Putu\331_putu.jpg,1
dataset\Putu\332_putu.jpg,1
dataset\Putu\333_putu.jpg,1
dataset\Putu\334_putu.jpg,1
dataset\Putu\335_putu.jpg,1
dataset\Putu\336_putu.JPG,1
dataset\Putu\337_putu.jpg,1
dataset\Putu\338_putu.jpg,1
dataset\Putu\339_putu.jpeg,1
dataset\Putu\33_putu.png,1
dataset\Putu\340_putu.JPG,1
dataset\Putu\341_putu.jpg,1
dataset\Putu\342_putu.jpg,1
dataset\Putu\343_putu.jpg,1
dataset\Putu\344_putu.jpg,1
dataset\Putu\345_putu.jpg,1
dataset\Putu\346_putu.jpg,1
dataset\Putu\347_putu.jpg,1
dataset\Putu\348_putu.jpg,1
dataset\Putu\349_putu.jpg,1
dataset\Putu\34_putu.png,1
dataset\Putu\350_putu.jpg,1
dataset\Putu\351_putu.jpg,1
dataset\Putu\352_putu.jpg,1
dataset\Putu\353_putu.jpg,1
dataset\Putu\354_putu.jpg,1
dataset\Putu\355_putu.jpg,1
dataset\Putu\356_putu.png,1
dataset\Putu\357_putu.jpg,1
dataset\Putu\358_putu.jpg,1
dataset\Putu\359_putu.jpg,1
dataset\Putu\35_putu.png,1
dataset\Putu\360_putu.jpeg,1
dataset\Putu\361_putu.jpg,1
dataset\Putu\362_putu.jpg,1
dataset\Putu\363_putu.jpg,1
dataset\Putu\364_putu.jpg,1
dataset\Putu\365_putu.jpg,1
dataset\Putu\366_putu.jpg,1
dataset\Putu\367_putu.jpg,1
dataset\Putu\368_putu.jpg,1
dataset\Putu\369_putu.jpg,1
dataset\Putu\36_putu.png,1
dataset\Putu\370_putu.jpg,1
dataset\Putu\371_putu.jpg,1
dataset\Putu\372_putu.jpg,1
dataset\Putu\373_putu.jpg,1
dataset\Putu\374_putu.jpg,1
dataset\Putu\375_putu.jpg,1
dataset\Putu\376_putu.png,1
dataset\Putu\377_putu.jpg,1
dataset\Putu\378_putu.jpg,1
dataset\Putu\379_putu.jpg,1
dataset\Putu\37_putu.png,1
dataset\Putu\380_putu.png,1
dataset\Putu\381_putu.jpg,1
dataset\Putu\382_putu.jpeg,1
dataset\Putu\383_putu.jpg,1
dataset\Putu\384_putu.jpg,1
dataset\Putu\385_putu.jpg,1
dataset\Putu\386_putu.png,1
dataset\Putu\387_putu.jpeg,1
dataset\Putu\388_putu.jpg,1
dataset\Putu\389_putu.jpg,1
dataset\Putu\38_putu.png,1
dataset\Putu\390_putu.jpg,1
dataset\Putu\391_putu.jpg,1
dataset\Putu\392_putu.jpg,1
dataset\Putu\393_putu.jpg,1
dataset\Putu\394_putu.jpg,1
dataset\Putu\395_putu.jpg,1
dataset\Putu\396_putu.jpg,1
dataset\Putu\397_putu.jpg,1
dataset\Putu\398_putu.jpg,1
dataset\Putu\399_putu.jpg,1
dataset\Putu\39_putu.png,1
dataset\Putu\400_putu.jpg,1
dataset\Putu\401_putu.jpg,1
dataset\Putu\402_putu.jpg,1
dataset\Putu\403_putu.jpg,1
dataset\Putu\404_putu.jpg,1
dataset\Putu\405_putu.jpg,1
dataset\Putu\406_putu.jpg,1
dataset\Putu\407_putu.jpg,1
dataset\Putu\408_putu.jpg,1
dataset\Putu\409_putu.jpg,1
dataset\Putu\40_putu.png,1
dataset\Putu\410_putu.jpg,1
dataset\Putu\411_putu.jpg,1
dataset\Putu\412_putu.jpg,1
dataset\Putu\413_putu.jpg,1
dataset\Putu\414_putu.jpg,1
dataset\Putu\415_putu.jpg,1
dataset\Putu\416_putu.jpg,1
dataset\Putu\417_putu.jpg,1
dataset\Putu\418_putu.jpg,1
dataset\Putu\419_putu.jpg,1
dataset\Putu\41_putu.png,1
dataset\Putu\420_putu.jpeg,1
dataset\Putu\421_putu.jpeg,1
dataset\Putu\422_putu.jpg,1
dataset\Putu\423_putu.jpg,1
dataset\Putu\424_putu.jpg,1
dataset\Putu\425_putu.jpg,1
dataset\Putu\426_putu.jpg,1
dataset\Putu\427_putu.jpg,1
dataset\Putu\428_putu.png,1
dataset\Putu\429_putu.jpg,1
dataset\Putu\42_putu.png,1
dataset\Putu\430_putu.jpeg,1
dataset\Putu\431_putu.jpg,1
dataset\Putu\432_putu.jpeg,1
dataset\Putu\433_putu.jpg,1
dataset\Putu\434_putu.jpg,1
dataset\Putu\435_putu.jpg,1
dataset\Putu\436_putu.jpg,1
dataset\Putu\437_putu.jpg,1
dataset\Putu\438_putu.jpeg,1
dataset\Putu\439_putu.jpg,1
dataset\Putu\43_putu.png,1
dataset\Putu\440_putu.jpg,1
dataset\Putu\441_putu.jpeg,1
dataset\Putu\442_putu.jpg,1
dataset\Putu\443_putu.jpg,1
dataset\Putu\444_putu.jpg,1
dataset\Putu\445_putu.jpg,1
dataset\Putu\446_putu.jpg,1
dataset\Putu\447_putu.jpg,1
dataset\Putu\448_putu.jpeg,1
dataset\Putu\449_putu.jpg,1
dataset\Putu\44_putu.png,1
dataset\Putu\450_putu.jpg,1
dataset\Putu\451_putu.jpg,1
dataset\Putu\452_putu.jpg,1
dataset\Putu\453_putu.jpg,1
dataset\Putu\454_putu.jpg,1
dataset\Putu\455_putu.jpg,1
dataset\Putu\456_putu.jpg,1
dataset\Putu\457_putu.jpg,1
dataset\Putu\458_putu.jpg,1
dataset\Putu\459_putu.jpg,1
dataset\Putu\45_putu.png,1
dataset\Putu\460_putu.jpg,1
dataset\Putu\461_putu.jpg,1
dataset\Putu\462_putu.jpg,1
dataset\Putu\463_putu.jpg,1
dataset\Putu\464_putu.jpg,1
dataset\Putu\465_putu.jpg,1
dataset\Putu\466_putu.jpg,1
dataset\Putu\467_putu.jpg,1
dataset\Putu\468_putu.jpg,1
dataset\Putu\469_putu.jpg,1
dataset\Putu\46_putu.png,1
dataset\Putu\470_putu.jpg,1
dataset\Putu\471_putu.jpg,1
dataset\Putu\472_putu.jpg,1
dataset\Putu\473_putu.jpg,1
dataset\Putu\474_putu.jpg,1
dataset\Putu\475_putu.jpg,1
dataset\Putu\476_putu.jpg,1
dataset\Putu\477_putu.jpg,1
dataset\Putu\478_putu.jpg,1
dataset\Putu\479_putu.jpg,1
dataset\Putu\47_putu.png,1
dataset\Putu\480_putu.jpg,1
dataset\Putu\481_putu.jpg,1
dataset\Putu\482_putu.jpg,1
dataset\Putu\483_putu.jpg,1
dataset\Putu\484_putu.jpg,1
dataset\Putu\485_putu.jpg,1
dataset\Putu\486_putu.jpg,1
dataset\Putu\487_putu.jpg,1
dataset\Putu\488_putu.jpg,1
dataset\Putu\489_putu.jpg,1
dataset\Putu\48_putu.png,1
dataset\Putu\490_putu.jpg,1
dataset\Putu\491_putu.jpg,1
dataset\Putu\492_putu.jpg,1
dataset\Putu\493_putu.jpg,1
dataset\Putu\494_putu.jpg,1
dataset\Putu\495_putu.jpg,1
dataset\Putu\496_putu.jpg,1
dataset\Putu\497_putu.jpg,1
dataset\Putu\498_putu.jpg,1
dataset\Putu\499_putu.jpg,1
dataset\Putu\49_putu.png,1
dataset\Putu\500_putu.jpg,1
dataset\Putu\50_putu.png,1
dataset\Putu\51_putu.png,1
dataset\Putu\52_putu.png,1
dataset\Putu\53_putu.png,1
dataset\Putu\54_putu.png,1
dataset\Putu\55_putu.png,1
dataset\Putu\56_putu.png,1
dataset\Putu\57_putu.png,1
dataset\Putu\58_putu.png,1
dataset\Putu\59_putu.png,1
dataset\Putu\60_putu.png,1
dataset\Putu\61_putu.png,1
dataset\Putu\62_putu.png,1
dataset\Putu\63_putu.png,1
dataset\Putu\64_putu.png,1
dataset\Putu\65_putu.png,1
dataset\Putu\66_putu.png,1
dataset\Putu\67_putu.png,1
dataset\Putu\68_putu.png,1
dataset\Putu\69_putu.png,1
dataset\Putu\70_putu.png,1
dataset\Putu\71_putu.png,1
dataset\Putu\72_putu.png,1
dataset\Putu\73_putu.png,1
dataset\Putu\74_putu.png,1
dataset\Putu\75_putu.png,1
dataset\Putu\76_putu.png,1
dataset\Putu\77_putu.png,1
dataset\Putu\78_putu.png,1
dataset\Putu\79_putu.png,1
dataset\Putu\80_putu.png,1
dataset\Putu\81_putu.png,1
dataset\Putu\82_putu.png,1
dataset\Putu\83_putu.png,1
dataset\Putu\84_putu.png,1
dataset\Putu\85_putu.png,1
dataset\Putu\86_putu.png,1
dataset\Putu\87_putu.png,1
dataset\Putu\88_putu.png,1
dataset\Putu\89_putu.png,1
dataset\Putu\90_putu.png,1
dataset\Putu\91_putu.png,1
dataset\Putu\92_putu.png,1
dataset\Putu\93_putu.png,1
dataset\Putu\94_putu.png,1
dataset\Putu\95_putu.png,1
dataset\Putu\96_putu.png,1
dataset\Putu\97_putu.png,1
dataset\Putu\98_putu.png,1
dataset\Putu\99_putu.png,1
